
INSERT INTO promotional_slider(category_type_id,original,thumbnail) VALUES (3,'https://pickbazarlaravel.s3.ap-southeast-1.amazonaws.com/902/offer-5.png','https://pickbazarlaravel.s3.ap-southeast-1.amazonaws.com/902/conversions/offer-5-thumbnail.jpg');
INSERT INTO promotional_slider(category_type_id,original,thumbnail) VALUES (3,'https://pickbazarlaravel.s3.ap-southeast-1.amazonaws.com/903/offer-4.png','https://pickbazarlaravel.s3.ap-southeast-1.amazonaws.com/903/conversions/offer-4-thumbnail.jpg');
INSERT INTO promotional_slider(category_type_id,original,thumbnail) VALUES (3,'https://pickbazarlaravel.s3.ap-southeast-1.amazonaws.com/904/offer-3.png','https://pickbazarlaravel.s3.ap-southeast-1.amazonaws.com/904/conversions/offer-3-thumbnail.jpg');
INSERT INTO promotional_slider(category_type_id,original,thumbnail) VALUES (3,'https://pickbazarlaravel.s3.ap-southeast-1.amazonaws.com/905/offer-2.png','https://pickbazarlaravel.s3.ap-southeast-1.amazonaws.com/905/conversions/offer-2-thumbnail.jpg');
INSERT INTO promotional_slider(category_type_id,original,thumbnail) VALUES (3,'https://pickbazarlaravel.s3.ap-southeast-1.amazonaws.com/906/offer-1.png','https://pickbazarlaravel.s3.ap-southeast-1.amazonaws.com/906/conversions/offer-1-thumbnail.jpg');
INSERT INTO promotional_slider(category_type_id,original,thumbnail) VALUES (4,'https://pickbazarlaravel.s3.ap-southeast-1.amazonaws.com/902/offer-5.png','https://pickbazarlaravel.s3.ap-southeast-1.amazonaws.com/902/conversions/offer-5-thumbnail.jpg');
INSERT INTO promotional_slider(category_type_id,original,thumbnail) VALUES (4,'https://pickbazarlaravel.s3.ap-southeast-1.amazonaws.com/903/offer-4.png','https://pickbazarlaravel.s3.ap-southeast-1.amazonaws.com/903/conversions/offer-4-thumbnail.jpg');
INSERT INTO promotional_slider(category_type_id,original,thumbnail) VALUES (4,'https://pickbazarlaravel.s3.ap-southeast-1.amazonaws.com/904/offer-3.png','https://pickbazarlaravel.s3.ap-southeast-1.amazonaws.com/904/conversions/offer-3-thumbnail.jpg');
INSERT INTO promotional_slider(category_type_id,original,thumbnail) VALUES (4,'https://pickbazarlaravel.s3.ap-southeast-1.amazonaws.com/905/offer-2.png','https://pickbazarlaravel.s3.ap-southeast-1.amazonaws.com/905/conversions/offer-2-thumbnail.jpg');
INSERT INTO promotional_slider(category_type_id,original,thumbnail) VALUES (4,'https://pickbazarlaravel.s3.ap-southeast-1.amazonaws.com/906/offer-1.png','https://pickbazarlaravel.s3.ap-southeast-1.amazonaws.com/906/conversions/offer-1-thumbnail.jpg');
INSERT INTO promotional_slider(category_type_id,original,thumbnail) VALUES (5,'https://pickbazarlaravel.s3.ap-southeast-1.amazonaws.com/902/offer-5.png','https://pickbazarlaravel.s3.ap-southeast-1.amazonaws.com/902/conversions/offer-5-thumbnail.jpg');
INSERT INTO promotional_slider(category_type_id,original,thumbnail) VALUES (5,'https://pickbazarlaravel.s3.ap-southeast-1.amazonaws.com/903/offer-4.png','https://pickbazarlaravel.s3.ap-southeast-1.amazonaws.com/903/conversions/offer-4-thumbnail.jpg');
INSERT INTO promotional_slider(category_type_id,original,thumbnail) VALUES (5,'https://pickbazarlaravel.s3.ap-southeast-1.amazonaws.com/904/offer-3.png','https://pickbazarlaravel.s3.ap-southeast-1.amazonaws.com/904/conversions/offer-3-thumbnail.jpg');
INSERT INTO promotional_slider(category_type_id,original,thumbnail) VALUES (5,'https://pickbazarlaravel.s3.ap-southeast-1.amazonaws.com/905/offer-2.png','https://pickbazarlaravel.s3.ap-southeast-1.amazonaws.com/905/conversions/offer-2-thumbnail.jpg');
INSERT INTO promotional_slider(category_type_id,original,thumbnail) VALUES (5,'https://pickbazarlaravel.s3.ap-southeast-1.amazonaws.com/906/offer-1.png','https://pickbazarlaravel.s3.ap-southeast-1.amazonaws.com/906/conversions/offer-1-thumbnail.jpg');
INSERT INTO promotional_slider(category_type_id,original,thumbnail) VALUES (6,'https://pickbazarlaravel.s3.ap-southeast-1.amazonaws.com/902/offer-5.png','https://pickbazarlaravel.s3.ap-southeast-1.amazonaws.com/902/conversions/offer-5-thumbnail.jpg');
INSERT INTO promotional_slider(category_type_id,original,thumbnail) VALUES (6,'https://pickbazarlaravel.s3.ap-southeast-1.amazonaws.com/903/offer-4.png','https://pickbazarlaravel.s3.ap-southeast-1.amazonaws.com/903/conversions/offer-4-thumbnail.jpg');
INSERT INTO promotional_slider(category_type_id,original,thumbnail) VALUES (6,'https://pickbazarlaravel.s3.ap-southeast-1.amazonaws.com/904/offer-3.png','https://pickbazarlaravel.s3.ap-southeast-1.amazonaws.com/904/conversions/offer-3-thumbnail.jpg');
INSERT INTO promotional_slider(category_type_id,original,thumbnail) VALUES (6,'https://pickbazarlaravel.s3.ap-southeast-1.amazonaws.com/905/offer-2.png','https://pickbazarlaravel.s3.ap-southeast-1.amazonaws.com/905/conversions/offer-2-thumbnail.jpg');
INSERT INTO promotional_slider(category_type_id,original,thumbnail) VALUES (6,'https://pickbazarlaravel.s3.ap-southeast-1.amazonaws.com/906/offer-1.png','https://pickbazarlaravel.s3.ap-southeast-1.amazonaws.com/906/conversions/offer-1-thumbnail.jpg');

INSERT INTO banner_image(category_type_id,original,thumbnail) VALUES (1,'https://pickbazarlaravel.s3.ap-southeast-1.amazonaws.com/904/grocery.png','https://pickbazarlaravel.s3.ap-southeast-1.amazonaws.com/904/conversions/grocery-thumbnail.jpg');
INSERT INTO banner_image(category_type_id,original,thumbnail) VALUES (2,'https://pickbazarlaravel.s3.ap-southeast-1.amazonaws.com/905/bakery.jpg','https://pickbazarlaravel.s3.ap-southeast-1.amazonaws.com/905/conversions/bakery-thumbnail.jpg');
INSERT INTO banner_image(category_type_id,original,thumbnail) VALUES (3,'https://pickbazarlaravel.s3.ap-southeast-1.amazonaws.com/906/makeup.png','https://pickbazarlaravel.s3.ap-southeast-1.amazonaws.com/906/conversions/makeup-thumbnail.jpg');
INSERT INTO banner_image(category_type_id,original,thumbnail) VALUES (4,'https://pickbazarlaravel.s3.ap-southeast-1.amazonaws.com/907/bags.png','https://pickbazarlaravel.s3.ap-southeast-1.amazonaws.com/907/conversions/bags-thumbnail.jpg');
INSERT INTO banner_image(category_type_id,original,thumbnail) VALUES (5,'https://pickbazarlaravel.s3.ap-southeast-1.amazonaws.com/908/cloths.png','https://pickbazarlaravel.s3.ap-southeast-1.amazonaws.com/908/conversions/cloths-thumbnail.jpg');
INSERT INTO banner_image(category_type_id,original,thumbnail) VALUES (6,'https://pickbazarlaravel.s3.ap-southeast-1.amazonaws.com/922/furniture-banner-1.jpg','https://pickbazarlaravel.s3.ap-southeast-1.amazonaws.com/922/conversions/furniture-banner-1-thumbnail.jpg');
INSERT INTO banner_image(category_type_id,original,thumbnail) VALUES (6,'https://pickbazarlaravel.s3.ap-southeast-1.amazonaws.com/923/furniture-banner-2.jpg','https://pickbazarlaravel.s3.ap-southeast-1.amazonaws.com/923/conversions/furniture-banner-2-thumbnail.jpg');
INSERT INTO banner_image(category_type_id,original,thumbnail) VALUES (7,'https://pickbazarlaravel.s3.ap-southeast-1.amazonaws.com/1344/shutterstock_389040853-%281%29.jpg','https://pickbazarlaravel.s3.ap-southeast-1.amazonaws.com/1344/conversions/shutterstock_389040853-%281%29-thumbnail.jpg');

INSERT INTO banner(category_type_id,title,description,created_at,updated_at) VALUES (1,'Groceries Delivered in 90 Minute','Get your healthy foods & snacks delivered at your doorsteps all day everyday','2021-07-17T13:21:55.000000Z','2021-07-17T13:21:55.000000Z');
INSERT INTO banner(category_type_id,title,description,created_at,updated_at) VALUES (2,'Get Your Bakery Items Delivered','Get your favorite bakery items baked and delivered to your doorsteps at any time','2021-07-17T13:22:34.000000Z','2021-07-17T13:22:34.000000Z');
INSERT INTO banner(category_type_id,title,description,created_at,updated_at) VALUES (3,'Branded & imported makeups','Easiest and cheapest way to get your branded & imported makeups','2021-07-17T13:23:05.000000Z','2021-07-17T13:23:05.000000Z');
INSERT INTO banner(category_type_id,title,description,created_at,updated_at) VALUES (4,'Exclusive Branded bags','Get your exclusive & branded bags delivered to you in no time','2021-07-17T13:23:32.000000Z','2021-07-17T13:23:32.000000Z');
INSERT INTO banner(category_type_id,title,description,created_at,updated_at) VALUES (5,'Shop your designer dresses','Ready to wear dresses tailored for you online. Hurry up while stock lasts.','2021-07-17T13:24:28.000000Z','2021-07-17T13:24:28.000000Z');
INSERT INTO banner(category_type_id,title,description,created_at,updated_at) VALUES (6,'Exclusive furniture on cheap price','Make your house a home with our wide collection of beautiful furniture','2021-08-18T18:45:54.000000Z','2021-08-18T18:45:54.000000Z');
INSERT INTO banner(category_type_id,title,description,created_at,updated_at) VALUES (6,'Furniter 2',NULL,'2021-08-18T18:45:54.000000Z','2021-08-18T18:45:54.000000Z');
INSERT INTO banner(category_type_id,title,description,created_at,updated_at) VALUES (7,'You Deserve To Eat Fresh','We source the best healthy foods for you.','2021-10-03T10:28:29.000000Z','2021-10-03T10:28:29.000000Z');

INSERT INTO shop(owner_id,name,slug,description,is_active,created_at,updated_at) VALUES (1,'Clothing Shop','clothing-shop','The clothing shop is the best shop around the city. This is being run under the store owner and our aim is to provide quality product and hassle free customer service.',1,'2021-06-27T03:47:10.000000Z','2021-07-08T09:26:24.000000Z');
INSERT INTO shop(owner_id,name,slug,description,is_active,created_at,updated_at) VALUES (1,'Bags Shop','bags-shop','The Bag shop is the best shop around the city. This is being run under the store owner and our aim is to provide quality product and hassle free customer service.',1,'2021-06-27T03:47:10.000000Z','2021-07-08T09:26:24.000000Z');
INSERT INTO shop(owner_id,name,slug,description,is_active,created_at,updated_at) VALUES (1,'Makeup Shop','makeup-shop','The makeup shop is the best shop around the city. This is being run under the store owner and our aim is to provide quality product and hassle free customer service.',1,'2021-06-27T03:47:10.000000Z','2021-07-08T09:26:24.000000Z');
INSERT INTO shop(owner_id,name,slug,description,is_active,created_at,updated_at) VALUES (1,'Bakery Shop','bakery-shop','The bakery shop is the best shop around the city. This is being run under the store owner and our aim is to provide fresh and quality product and hassle free customer service.',1,'2021-06-27T03:47:10.000000Z','2021-07-08T09:26:24.000000Z');
INSERT INTO shop(owner_id,name,slug,description,is_active,created_at,updated_at) VALUES (1,'Grocery Shop','grocery-shop','The grocery shop is the best shop around the city. This is being run under the store owner and our aim is to provide fresh and quality product and hassle free customer service.',1,'2021-06-27T03:47:10.000000Z','2021-07-08T09:26:24.000000Z');

INSERT INTO deliveryTime(setting_id, shop_id, title,description) VALUES (1, 1, 'Express Delivery','90 min express delivery');
INSERT INTO deliveryTime(setting_id, shop_id, title,description) VALUES (1, 1,'Morning','8.00 AM - 11.00 AM');
INSERT INTO deliveryTime(setting_id, shop_id, title,description) VALUES (1, 1,'Noon','11.00 AM - 2.00 PM');
INSERT INTO deliveryTime(setting_id, shop_id, title,description) VALUES (1, 1,'Afternoon','2.00 PM - 5.00 PM');
INSERT INTO deliveryTime(setting_id, shop_id, title,description) VALUES (1, 1,'Evening','5.00 PM - 8.00 PM');

INSERT INTO product_image(product_id,original,thumbnail) VALUES (1,'https://pickbazarlaravel.s3.ap-southeast-1.amazonaws.com/1/Apples.jpg','https://pickbazarlaravel.s3.ap-southeast-1.amazonaws.com/1/conversions/Apples-thumbnail.jpg');
INSERT INTO product_image(product_id,original,thumbnail) VALUES (2,'https://pickbazarlaravel.s3.ap-southeast-1.amazonaws.com/1/Apples.jpg','https://pickbazarlaravel.s3.ap-southeast-1.amazonaws.com/1/conversions/Apples-thumbnail.jpg');
INSERT INTO product_image(product_id,original,thumbnail) VALUES (3,'https://pickbazarlaravel.s3.ap-southeast-1.amazonaws.com/1/Apples.jpg','https://pickbazarlaravel.s3.ap-southeast-1.amazonaws.com/1/conversions/Apples-thumbnail.jpg');
INSERT INTO product_image(product_id,original,thumbnail) VALUES (4,'https://pickbazarlaravel.s3.ap-southeast-1.amazonaws.com/1/Apples.jpg','https://pickbazarlaravel.s3.ap-southeast-1.amazonaws.com/1/conversions/Apples-thumbnail.jpg');
INSERT INTO product_image(product_id,original,thumbnail) VALUES (5,'https://pickbazarlaravel.s3.ap-southeast-1.amazonaws.com/1/Apples.jpg','https://pickbazarlaravel.s3.ap-southeast-1.amazonaws.com/1/conversions/Apples-thumbnail.jpg');
INSERT INTO product_image(product_id,original,thumbnail) VALUES (6,'https://pickbazarlaravel.s3.ap-southeast-1.amazonaws.com/1/Apples.jpg','https://pickbazarlaravel.s3.ap-southeast-1.amazonaws.com/1/conversions/Apples-thumbnail.jpg');
INSERT INTO product_image(product_id,original,thumbnail) VALUES (7,'https://pickbazarlaravel.s3.ap-southeast-1.amazonaws.com/1/Apples.jpg','https://pickbazarlaravel.s3.ap-southeast-1.amazonaws.com/1/conversions/Apples-thumbnail.jpg');
INSERT INTO product_image(product_id,original,thumbnail) VALUES (8,'https://pickbazarlaravel.s3.ap-southeast-1.amazonaws.com/1/Apples.jpg','https://pickbazarlaravel.s3.ap-southeast-1.amazonaws.com/1/conversions/Apples-thumbnail.jpg');
INSERT INTO product_image(product_id,original,thumbnail) VALUES (9,'https://pickbazarlaravel.s3.ap-southeast-1.amazonaws.com/1/Apples.jpg','https://pickbazarlaravel.s3.ap-southeast-1.amazonaws.com/1/conversions/Apples-thumbnail.jpg');
INSERT INTO product_image(product_id,original,thumbnail) VALUES (10,'https://pickbazarlaravel.s3.ap-southeast-1.amazonaws.com/1/Apples.jpg','https://pickbazarlaravel.s3.ap-southeast-1.amazonaws.com/1/conversions/Apples-thumbnail.jpg');
INSERT INTO product_image(product_id,original,thumbnail) VALUES (11,'https://pickbazarlaravel.s3.ap-southeast-1.amazonaws.com/1/Apples.jpg','https://pickbazarlaravel.s3.ap-southeast-1.amazonaws.com/1/conversions/Apples-thumbnail.jpg');
INSERT INTO product_image(product_id,original,thumbnail) VALUES (12,'https://pickbazarlaravel.s3.ap-southeast-1.amazonaws.com/1/Apples.jpg','https://pickbazarlaravel.s3.ap-southeast-1.amazonaws.com/1/conversions/Apples-thumbnail.jpg');
INSERT INTO product_image(product_id,original,thumbnail) VALUES (13,'https://pickbazarlaravel.s3.ap-southeast-1.amazonaws.com/1/Apples.jpg','https://pickbazarlaravel.s3.ap-southeast-1.amazonaws.com/1/conversions/Apples-thumbnail.jpg');
INSERT INTO product_image(product_id,original,thumbnail) VALUES (14,'https://pickbazarlaravel.s3.ap-southeast-1.amazonaws.com/1/Apples.jpg','https://pickbazarlaravel.s3.ap-southeast-1.amazonaws.com/1/conversions/Apples-thumbnail.jpg');
INSERT INTO product_image(product_id,original,thumbnail) VALUES (15,'https://pickbazarlaravel.s3.ap-southeast-1.amazonaws.com/1/Apples.jpg','https://pickbazarlaravel.s3.ap-southeast-1.amazonaws.com/1/conversions/Apples-thumbnail.jpg');
INSERT INTO product_image(product_id,original,thumbnail) VALUES (16,'https://pickbazarlaravel.s3.ap-southeast-1.amazonaws.com/1/Apples.jpg','https://pickbazarlaravel.s3.ap-southeast-1.amazonaws.com/1/conversions/Apples-thumbnail.jpg');
INSERT INTO product_image(product_id,original,thumbnail) VALUES (17,'https://pickbazarlaravel.s3.ap-southeast-1.amazonaws.com/1/Apples.jpg','https://pickbazarlaravel.s3.ap-southeast-1.amazonaws.com/1/conversions/Apples-thumbnail.jpg');
INSERT INTO product_image(product_id,original,thumbnail) VALUES (18,'https://pickbazarlaravel.s3.ap-southeast-1.amazonaws.com/1/Apples.jpg','https://pickbazarlaravel.s3.ap-southeast-1.amazonaws.com/1/conversions/Apples-thumbnail.jpg');
INSERT INTO product_image(product_id,original,thumbnail) VALUES (19,'https://pickbazarlaravel.s3.ap-southeast-1.amazonaws.com/1/Apples.jpg','https://pickbazarlaravel.s3.ap-southeast-1.amazonaws.com/1/conversions/Apples-thumbnail.jpg');
INSERT INTO product_image(product_id,original,thumbnail) VALUES (20,'https://pickbazarlaravel.s3.ap-southeast-1.amazonaws.com/1/Apples.jpg','https://pickbazarlaravel.s3.ap-southeast-1.amazonaws.com/1/conversions/Apples-thumbnail.jpg');

INSERT INTO product_gallery(product_id,original,thumbnail) VALUES (1,'https://pickbazarlaravel.s3.ap-southeast-1.amazonaws.com/572/apple-1.png','https://pickbazarlaravel.s3.ap-southeast-1.amazonaws.com/572/conversions/apple-1-thumbnail.jpg');
INSERT INTO product_gallery(product_id,original,thumbnail) VALUES (1,'https://pickbazarlaravel.s3.ap-southeast-1.amazonaws.com/573/apple-2.png','https://pickbazarlaravel.s3.ap-southeast-1.amazonaws.com/573/conversions/apple-2-thumbnail.jpg');
INSERT INTO product_gallery(product_id,original,thumbnail) VALUES (1,'https://pickbazarlaravel.s3.ap-southeast-1.amazonaws.com/574/apple.png','https://pickbazarlaravel.s3.ap-southeast-1.amazonaws.com/574/conversions/apple-thumbnail.jpg');
INSERT INTO product_gallery(product_id,original,thumbnail) VALUES (1,'https://pickbazarlaravel.s3.ap-southeast-1.amazonaws.com/736/apple-2.png','https://pickbazarlaravel.s3.ap-southeast-1.amazonaws.com/736/conversions/apple-2-thumbnail.jpg');

INSERT INTO product_gallery(product_id,original,thumbnail) VALUES (2,'https://pickbazarlaravel.s3.ap-southeast-1.amazonaws.com/572/apple-1.png','https://pickbazarlaravel.s3.ap-southeast-1.amazonaws.com/572/conversions/apple-1-thumbnail.jpg');
INSERT INTO product_gallery(product_id,original,thumbnail) VALUES (2,'https://pickbazarlaravel.s3.ap-southeast-1.amazonaws.com/573/apple-2.png','https://pickbazarlaravel.s3.ap-southeast-1.amazonaws.com/573/conversions/apple-2-thumbnail.jpg');
INSERT INTO product_gallery(product_id,original,thumbnail) VALUES (2,'https://pickbazarlaravel.s3.ap-southeast-1.amazonaws.com/574/apple.png','https://pickbazarlaravel.s3.ap-southeast-1.amazonaws.com/574/conversions/apple-thumbnail.jpg');
INSERT INTO product_gallery(product_id,original,thumbnail) VALUES (2,'https://pickbazarlaravel.s3.ap-southeast-1.amazonaws.com/736/apple-2.png','https://pickbazarlaravel.s3.ap-southeast-1.amazonaws.com/736/conversions/apple-2-thumbnail.jpg');


INSERT INTO product_gallery(product_id,original,thumbnail) VALUES (3,'https://pickbazarlaravel.s3.ap-southeast-1.amazonaws.com/572/apple-1.png','https://pickbazarlaravel.s3.ap-southeast-1.amazonaws.com/572/conversions/apple-1-thumbnail.jpg');
INSERT INTO product_gallery(product_id,original,thumbnail) VALUES (3,'https://pickbazarlaravel.s3.ap-southeast-1.amazonaws.com/573/apple-2.png','https://pickbazarlaravel.s3.ap-southeast-1.amazonaws.com/573/conversions/apple-2-thumbnail.jpg');
INSERT INTO product_gallery(product_id,original,thumbnail) VALUES (3,'https://pickbazarlaravel.s3.ap-southeast-1.amazonaws.com/574/apple.png','https://pickbazarlaravel.s3.ap-southeast-1.amazonaws.com/574/conversions/apple-thumbnail.jpg');
INSERT INTO product_gallery(product_id,original,thumbnail) VALUES (3,'https://pickbazarlaravel.s3.ap-southeast-1.amazonaws.com/736/apple-2.png','https://pickbazarlaravel.s3.ap-southeast-1.amazonaws.com/736/conversions/apple-2-thumbnail.jpg');


INSERT INTO product_gallery(product_id,original,thumbnail) VALUES (4,'https://pickbazarlaravel.s3.ap-southeast-1.amazonaws.com/572/apple-1.png','https://pickbazarlaravel.s3.ap-southeast-1.amazonaws.com/572/conversions/apple-1-thumbnail.jpg');
INSERT INTO product_gallery(product_id,original,thumbnail) VALUES (4,'https://pickbazarlaravel.s3.ap-southeast-1.amazonaws.com/573/apple-2.png','https://pickbazarlaravel.s3.ap-southeast-1.amazonaws.com/573/conversions/apple-2-thumbnail.jpg');
INSERT INTO product_gallery(product_id,original,thumbnail) VALUES (4,'https://pickbazarlaravel.s3.ap-southeast-1.amazonaws.com/574/apple.png','https://pickbazarlaravel.s3.ap-southeast-1.amazonaws.com/574/conversions/apple-thumbnail.jpg');
INSERT INTO product_gallery(product_id,original,thumbnail) VALUES (4,'https://pickbazarlaravel.s3.ap-southeast-1.amazonaws.com/736/apple-2.png','https://pickbazarlaravel.s3.ap-southeast-1.amazonaws.com/736/conversions/apple-2-thumbnail.jpg');


INSERT INTO product_gallery(product_id,original,thumbnail) VALUES (5,'https://pickbazarlaravel.s3.ap-southeast-1.amazonaws.com/572/apple-1.png','https://pickbazarlaravel.s3.ap-southeast-1.amazonaws.com/572/conversions/apple-1-thumbnail.jpg');
INSERT INTO product_gallery(product_id,original,thumbnail) VALUES (5,'https://pickbazarlaravel.s3.ap-southeast-1.amazonaws.com/573/apple-2.png','https://pickbazarlaravel.s3.ap-southeast-1.amazonaws.com/573/conversions/apple-2-thumbnail.jpg');
INSERT INTO product_gallery(product_id,original,thumbnail) VALUES (5,'https://pickbazarlaravel.s3.ap-southeast-1.amazonaws.com/574/apple.png','https://pickbazarlaravel.s3.ap-southeast-1.amazonaws.com/574/conversions/apple-thumbnail.jpg');
INSERT INTO product_gallery(product_id,original,thumbnail) VALUES (5,'https://pickbazarlaravel.s3.ap-southeast-1.amazonaws.com/736/apple-2.png','https://pickbazarlaravel.s3.ap-southeast-1.amazonaws.com/736/conversions/apple-2-thumbnail.jpg');

INSERT INTO product_gallery(product_id,original,thumbnail) VALUES (6,'https://pickbazarlaravel.s3.ap-southeast-1.amazonaws.com/572/apple-1.png','https://pickbazarlaravel.s3.ap-southeast-1.amazonaws.com/572/conversions/apple-1-thumbnail.jpg');
INSERT INTO product_gallery(product_id,original,thumbnail) VALUES (6,'https://pickbazarlaravel.s3.ap-southeast-1.amazonaws.com/573/apple-2.png','https://pickbazarlaravel.s3.ap-southeast-1.amazonaws.com/573/conversions/apple-2-thumbnail.jpg');
INSERT INTO product_gallery(product_id,original,thumbnail) VALUES (6,'https://pickbazarlaravel.s3.ap-southeast-1.amazonaws.com/574/apple.png','https://pickbazarlaravel.s3.ap-southeast-1.amazonaws.com/574/conversions/apple-thumbnail.jpg');
INSERT INTO product_gallery(product_id,original,thumbnail) VALUES (6,'https://pickbazarlaravel.s3.ap-southeast-1.amazonaws.com/736/apple-2.png','https://pickbazarlaravel.s3.ap-southeast-1.amazonaws.com/736/conversions/apple-2-thumbnail.jpg');


INSERT INTO product_gallery(product_id,original,thumbnail) VALUES (7,'https://pickbazarlaravel.s3.ap-southeast-1.amazonaws.com/572/apple-1.png','https://pickbazarlaravel.s3.ap-southeast-1.amazonaws.com/572/conversions/apple-1-thumbnail.jpg');
INSERT INTO product_gallery(product_id,original,thumbnail) VALUES (7,'https://pickbazarlaravel.s3.ap-southeast-1.amazonaws.com/573/apple-2.png','https://pickbazarlaravel.s3.ap-southeast-1.amazonaws.com/573/conversions/apple-2-thumbnail.jpg');
INSERT INTO product_gallery(product_id,original,thumbnail) VALUES (7,'https://pickbazarlaravel.s3.ap-southeast-1.amazonaws.com/574/apple.png','https://pickbazarlaravel.s3.ap-southeast-1.amazonaws.com/574/conversions/apple-thumbnail.jpg');
INSERT INTO product_gallery(product_id,original,thumbnail) VALUES (7,'https://pickbazarlaravel.s3.ap-southeast-1.amazonaws.com/736/apple-2.png','https://pickbazarlaravel.s3.ap-southeast-1.amazonaws.com/736/conversions/apple-2-thumbnail.jpg');


INSERT INTO product_gallery(product_id,original,thumbnail) VALUES (8,'https://pickbazarlaravel.s3.ap-southeast-1.amazonaws.com/572/apple-1.png','https://pickbazarlaravel.s3.ap-southeast-1.amazonaws.com/572/conversions/apple-1-thumbnail.jpg');
INSERT INTO product_gallery(product_id,original,thumbnail) VALUES (8,'https://pickbazarlaravel.s3.ap-southeast-1.amazonaws.com/573/apple-2.png','https://pickbazarlaravel.s3.ap-southeast-1.amazonaws.com/573/conversions/apple-2-thumbnail.jpg');
INSERT INTO product_gallery(product_id,original,thumbnail) VALUES (8,'https://pickbazarlaravel.s3.ap-southeast-1.amazonaws.com/574/apple.png','https://pickbazarlaravel.s3.ap-southeast-1.amazonaws.com/574/conversions/apple-thumbnail.jpg');
INSERT INTO product_gallery(product_id,original,thumbnail) VALUES (8,'https://pickbazarlaravel.s3.ap-southeast-1.amazonaws.com/736/apple-2.png','https://pickbazarlaravel.s3.ap-southeast-1.amazonaws.com/736/conversions/apple-2-thumbnail.jpg');


INSERT INTO product_gallery(product_id,original,thumbnail) VALUES (9,'https://pickbazarlaravel.s3.ap-southeast-1.amazonaws.com/572/apple-1.png','https://pickbazarlaravel.s3.ap-southeast-1.amazonaws.com/572/conversions/apple-1-thumbnail.jpg');
INSERT INTO product_gallery(product_id,original,thumbnail) VALUES (9,'https://pickbazarlaravel.s3.ap-southeast-1.amazonaws.com/573/apple-2.png','https://pickbazarlaravel.s3.ap-southeast-1.amazonaws.com/573/conversions/apple-2-thumbnail.jpg');
INSERT INTO product_gallery(product_id,original,thumbnail) VALUES (9,'https://pickbazarlaravel.s3.ap-southeast-1.amazonaws.com/574/apple.png','https://pickbazarlaravel.s3.ap-southeast-1.amazonaws.com/574/conversions/apple-thumbnail.jpg');
INSERT INTO product_gallery(product_id,original,thumbnail) VALUES (9,'https://pickbazarlaravel.s3.ap-southeast-1.amazonaws.com/736/apple-2.png','https://pickbazarlaravel.s3.ap-southeast-1.amazonaws.com/736/conversions/apple-2-thumbnail.jpg');


INSERT INTO product_gallery(product_id,original,thumbnail) VALUES (10,'https://pickbazarlaravel.s3.ap-southeast-1.amazonaws.com/572/apple-1.png','https://pickbazarlaravel.s3.ap-southeast-1.amazonaws.com/572/conversions/apple-1-thumbnail.jpg');
INSERT INTO product_gallery(product_id,original,thumbnail) VALUES (10,'https://pickbazarlaravel.s3.ap-southeast-1.amazonaws.com/573/apple-2.png','https://pickbazarlaravel.s3.ap-southeast-1.amazonaws.com/573/conversions/apple-2-thumbnail.jpg');
INSERT INTO product_gallery(product_id,original,thumbnail) VALUES (10,'https://pickbazarlaravel.s3.ap-southeast-1.amazonaws.com/574/apple.png','https://pickbazarlaravel.s3.ap-southeast-1.amazonaws.com/574/conversions/apple-thumbnail.jpg');
INSERT INTO product_gallery(product_id,original,thumbnail) VALUES (10,'https://pickbazarlaravel.s3.ap-southeast-1.amazonaws.com/736/apple-2.png','https://pickbazarlaravel.s3.ap-southeast-1.amazonaws.com/736/conversions/apple-2-thumbnail.jpg');

INSERT INTO cover_image (shop_id,  original, thumbnail ) VALUES (2, 'https://pickbazarlaravel.s3.ap-southeast-1.amazonaws.com/883/Untitled-6.jpg', 'https://pickbazarlaravel.s3.ap-southeast-1.amazonaws.com/883/conversions/Untitled-6-thumbnail.jpg');
INSERT INTO cover_image (shop_id,  original, thumbnail ) VALUES (3, 'https://pickbazarlaravel.s3.ap-southeast-1.amazonaws.com/883/Untitled-6.jpg', 'https://pickbazarlaravel.s3.ap-southeast-1.amazonaws.com/883/conversions/Untitled-6-thumbnail.jpg');
INSERT INTO cover_image (shop_id,  original, thumbnail ) VALUES (4, 'https://pickbazarlaravel.s3.ap-southeast-1.amazonaws.com/883/Untitled-6.jpg', 'https://pickbazarlaravel.s3.ap-southeast-1.amazonaws.com/883/conversions/Untitled-6-thumbnail.jpg');
INSERT INTO cover_image (shop_id,  original, thumbnail ) VALUES (5, 'https://pickbazarlaravel.s3.ap-southeast-1.amazonaws.com/883/Untitled-6.jpg', 'https://pickbazarlaravel.s3.ap-southeast-1.amazonaws.com/883/conversions/Untitled-6-thumbnail.jpg');
INSERT INTO cover_image (shop_id,  original, thumbnail ) VALUES (6, 'https://pickbazarlaravel.s3.ap-southeast-1.amazonaws.com/883/Untitled-6.jpg', 'https://pickbazarlaravel.s3.ap-southeast-1.amazonaws.com/883/conversions/Untitled-6-thumbnail.jpg');

INSERT INTO logo (shop_id, setting_id, original, thumbnail) VALUES (2, 2, 'https://pickbazarlaravel.s3.ap-southeast-1.amazonaws.com/860/PickBazar.png', 'https://pickbazarlaravel.s3.ap-southeast-1.amazonaws.com/860/conversions/PickBazar-thumbnail.jpg' );
INSERT INTO logo (shop_id, setting_id, original, thumbnail) VALUES (3, 3, 'https://pickbazarlaravel.s3.ap-southeast-1.amazonaws.com/860/PickBazar.png', 'https://pickbazarlaravel.s3.ap-southeast-1.amazonaws.com/860/conversions/PickBazar-thumbnail.jpg' );
INSERT INTO logo (shop_id, setting_id, original, thumbnail) VALUES (4, 4, 'https://pickbazarlaravel.s3.ap-southeast-1.amazonaws.com/860/PickBazar.png', 'https://pickbazarlaravel.s3.ap-southeast-1.amazonaws.com/860/conversions/PickBazar-thumbnail.jpg' );
INSERT INTO logo (shop_id, setting_id, original, thumbnail) VALUES (5, 5, 'https://pickbazarlaravel.s3.ap-southeast-1.amazonaws.com/860/PickBazar.png', 'https://pickbazarlaravel.s3.ap-southeast-1.amazonaws.com/860/conversions/PickBazar-thumbnail.jpg' );
INSERT INTO logo (shop_id, setting_id, original, thumbnail) VALUES (6, 6, 'https://pickbazarlaravel.s3.ap-southeast-1.amazonaws.com/860/PickBazar.png', 'https://pickbazarlaravel.s3.ap-southeast-1.amazonaws.com/860/conversions/PickBazar-thumbnail.jpg' );

insert into pivot (product_id, category_id) values (2, 1)



SELECT category.id,
       category.name,
       category.slug,
       category.icon,
       category.category_type_id,
       category.created_at,
       category.updated_at,
       category.deleted_at,
       category.parent_Id
  FROM category INNER JOIN shop on shop.id = category.shop_id
